product_id,code,name_short_en,product_level,top_parent_id,product_id_hierarchy
1,0,Food,1,1,1
2,1,Beverages,1,2,2
3,2,Crude materials,1,3,3
4,3,Fuels,1,4,4
5,4,Vegetable oils,1,5,5
6,5,Chemicals,1,6,6
7,6,Material manufacturers,1,7,7
8,7,Machinery and vehicles,1,8,8
9,8,Other manufacturers,1,9,9
10,9,Unspecified,1,10,10
100,00,Live animals chiefly for food,2,1,1.100
101,01,Meat and preparations,2,1,1.101
102,02,Dairy products and birds' eggs,2,1,1.102
103,03,"Fish, crustacean and molluscs, and preparations thereof",2,1,1.103
104,04,Cereals and cereal preparations,2,1,1.104
105,05,Vegetables and fruit,2,1,1.105
106,06,"Sugar, sugar preparations and honey",2,1,1.106
107,07,"Coffee, tea, cocoa, spices, and manufactures thereof",2,1,1.107
108,08,Feeding stuff for animals (not including unmilled cereals),2,1,1.108
109,09,Miscellaneous edible products and preparations,2,1,1.109
110,11,Beverages,2,2,2.110
111,12,Tobacco and tobacco manufactures,2,2,2.111
112,21,"Hides, skins and furskins, raw",2,3,3.112
113,22,Oil seeds and oleaginous fruit,2,3,3.113
114,23,Crude rubber (including synthetic and reclaimed),2,3,3.114
115,24,Cork and wood,2,3,3.115
116,25,Pulp and waste paper,2,3,3.116
117,26,Textile fibres (not wool tops) and their wastes (not in yarn),2,3,3.117
118,27,Crude fertilizer and crude minerals,2,3,3.118
119,28,Metalliferous ores and metal scrap,2,3,3.119
120,29,"Crude animal and vegetable materials, nes",2,3,3.120
121,32,"Coal, coke and briquettes",2,4,4.121
122,33,"Petroleum, petroleum products and related materials",2,4,4.122
123,34,"Gas, natural and manufactured",2,4,4.123
124,35,Electric current,2,4,4.124
125,41,Animal oils and fats,2,5,5.125
126,42,Fixed vegetable oils and fats,2,5,5.126
127,43,"Animal and vegetable oils and fats, processed, and waxes",2,5,5.127
128,51,Organic chemicals,2,6,6.128
129,52,Inorganic chemicals,2,6,6.129
130,53,"Dyeing, tanning and colouring materials",2,6,6.130
131,54,Medicinal and pharmaceutical products,2,6,6.131
132,55,Oils and perfume materials; toilet and cleansing preparations,2,6,6.132
133,56,"Fertilizers, manufactured",2,6,6.133
134,57,Explosives and pyrotechnic products,2,6,6.134
135,58,"Artificial resins and plastic materials, and cellulose esters etc",2,6,6.135
136,59,"Chemical materials and products, nes",2,6,6.136
137,61,"Leather, leather manufactures, nes, and dressed furskins",2,7,7.137
138,62,"Rubber manufactures, nes",2,7,7.138
139,63,"Cork and wood, cork manufactures",2,7,7.139
140,64,"Paper, paperboard, and articles of pulp, of paper or of paperboard",2,7,7.140
141,65,"Textile yarn, fabrics, made-up articles, nes, and related products",2,7,7.141
142,66,"Non-metallic mineral manufactures, nes",2,7,7.142
143,67,Iron and steel,2,7,7.143
144,68,Non-ferrous metals,2,7,7.144
145,69,"Manufactures of metals, nes",2,7,7.145
146,71,Power generating machinery and equipment,2,8,8.146
147,72,Machinery specialized for particular industries,2,8,8.147
148,73,Metalworking machinery,2,8,8.148
149,74,"General industrial machinery and equipment, nes, and parts of, nes",2,8,8.149
150,75,Office machines and automatic data processing equipment,2,8,8.150
151,76,"Telecommunications, sound recording and reproducing equipment",2,8,8.151
152,77,"Electric machinery, apparatus and appliances, nes, and parts, nes",2,8,8.152
153,78,Road vehicles,2,8,8.153
154,79,Other transport equipment,2,8,8.154
155,81,"Sanitary, plumbing, heating, lighting fixtures and fittings, nes",2,9,9.155
156,82,Furniture and parts thereof,2,9,9.156
157,83,"Travel goods, handbags and similar containers",2,9,9.157
158,84,Articles of apparel and clothing accessories,2,9,9.158
159,85,Footwear,2,9,9.159
160,87,"Professional, scientific, controlling instruments, apparatus, nes",2,9,9.160
161,88,"Photographic equipment and supplies, optical goods; watches, etc",2,9,9.161
162,89,"Miscellaneous manufactured articles, nes",2,9,9.162
163,91,Postal packages not classified according to kind,2,10,10.163
164,93,"Special transactions, commodity not classified according to class",2,10,10.164
165,94,"Animals, live, nes, (including zoo animals, pets, insects, etc)",2,10,10.165
166,95,"Armoured fighting vehicles, war firearms, ammunition, parts, nes",2,10,10.166
167,96,"Coin (other than gold coin), not being legal tender",2,10,10.167
168,97,"Gold, non-monetary (excluding gold ores and concentrates)",2,10,10.168
169,ZZ,Unknown,2,10,10.169
650,0011,"Animals of the bovine species (including buffaloes), live",4,1,1.100.650
651,0012,"Sheep and goats, live",4,1,1.100.651
652,0013,"Swine, live",4,1,1.100.652
653,0014,"Poultry, live",4,1,1.100.653
654,0015,"Equine species, live",4,1,1.100.654
655,0019,"Live animals of a kind mainly used for human food, nes",4,1,1.100.655
656,0111,"Bovine meat, fresh, chilled or frozen",4,1,1.101.656
657,0112,"Meat of sheep and goats, fresh, chilled or frozen",4,1,1.101.657
658,0113,"Pig meat fresh, chilled or frozen",4,1,1.101.658
659,0114,"Poultry, dead and edible offal, fresh, chilled or frozen",4,1,1.101.659
660,0115,"Meat of horses, asses, mules and hinnies, fresh, chilled or frozen",4,1,1.101.660
661,0116,"Edible offal of headings 0011-5 and 0015, fresh, chilled or frozen",4,1,1.101.661
662,0118,"Other fresh, chilled or frozen meat or edible meat offal",4,1,1.101.662
663,0121,"Bacon, ham, other dried, salted or smoked meat of domestic swine",4,1,1.101.663
664,0129,"Meat and edible meat offal, nes, in brine, dried, salted or smoked",4,1,1.101.664
665,0141,Meat extracts and juices; fish extracts,4,1,1.101.665
666,0142,"Sausages and the like, of meat, meat offal or animal blood",4,1,1.101.666
667,0149,Other prepared or preserved meat or meat offal,4,1,1.101.667
668,0223,"Milk and cream fresh, not concentrated or sweetened",4,1,1.102.668
669,0224,"Milk and cream, preserved, concentrated or sweetened",4,1,1.102.669
670,0230,Butter,4,1,1.102.670
671,0240,Cheese and curd,4,1,1.102.671
672,0251,"Eggs, birds', and egg yolks, fresh, dried or preserved, in shell",4,1,1.102.672
673,0252,"Eggs, birds', egg yolks, fresh, dried or preserved, not in shell",4,1,1.102.673
674,0341,"Fish, fresh or chilled, excluding fillet",4,1,1.103.674
675,0342,"Fish, frozen, excluding fillets",4,1,1.103.675
676,0343,"Fish fillets, fresh or chilled",4,1,1.103.676
677,0344,"Fish fillets, frozen",4,1,1.103.677
678,0350,"Fish, dried, salted or in brine; smoked fish",4,1,1.103.678
679,0360,"Crustaceans and molluscs, fresh, chilled, frozen, salted, etc",4,1,1.103.679
680,0371,"Fish, prepared or preserved, nes",4,1,1.103.680
681,0372,"Crustaceans and molluscs, prepared or prepared, nes",4,1,1.103.681
682,0411,"Durum wheat, unmilled",4,1,1.104.682
683,0412,"Other wheat and meslin, unmilled",4,1,1.104.683
684,0421,"Rice in the husk or husked, but not farther prepared",4,1,1.104.684
685,0422,"Rice, semi-milled or wholly milled",4,1,1.104.685
686,0430,"Barley, unmilled",4,1,1.104.686
687,0440,"Maize, unmilled",4,1,1.104.687
688,0451,"Rye, unmilled",4,1,1.104.688
689,0452,"Oats, unmilled",4,1,1.104.689
690,0459,"Buckwheat, millet, etc, and other cereals, unmilled, nes",4,1,1.104.690
691,0460,Meal and flour of wheat and flour of meslin,4,1,1.104.691
692,0470,Other cereal meals and flour,4,1,1.104.692
693,0481,"Cereal grains, worked or prepared, not elsewhere specified",4,1,1.104.693
694,0482,"Malt, roasted or not, including flour",4,1,1.104.694
695,0483,"Macaroni, spaghetti and similar products",4,1,1.104.695
696,0484,Bakery products,4,1,1.104.696
697,0488,Malt extract; cereals preparations with less 50% of cocoa,4,1,1.104.697
698,0541,"Potatoes, fresh or chilled, excluding sweet potatoes",4,1,1.105.698
699,0542,"Beans, peas, other leguminous vegetables, dried, shelled",4,1,1.105.699
700,0544,"Tomatoes, fresh or chilled",4,1,1.105.700
701,0545,Other fresh or chilled vegetables,4,1,1.105.701
702,0546,"Vegetables, frozen or in temporary preservative",4,1,1.105.702
703,0548,"Vegetable products roots and tubers, nes, fresh, dried",4,1,1.105.703
704,0561,"Vegetables (excluding leguminous), dried, evaporated, etc",4,1,1.105.704
705,0564,"Flour, meals and flakes of potatoes, fruit and vegetables, nes",4,1,1.105.705
706,0565,"Vegetables, prepared or preserved, nes",4,1,1.105.706
707,0571,"Oranges, mandarins, etc, fresh or dried",4,1,1.105.707
708,0572,"Other citrus fruits, fresh or dried",4,1,1.105.708
709,0573,"Banana, plantain, fresh or dried",4,1,1.105.709
710,0574,"Apples, fresh",4,1,1.105.710
711,0575,"Grapes, fresh or dried",4,1,1.105.711
712,0576,"Figs, fresh or dried",4,1,1.105.712
713,0577,"Nuts edible, fresh or dried",4,1,1.105.713
714,0579,"Fruit, fresh or dried, nes",4,1,1.105.714
715,0582,"Fruit, fruit-peel and parts of plants, preserved by sugar",4,1,1.105.715
716,0583,"Jams, jellies, marmalades, etc, as cooked preparations",4,1,1.105.716
717,0585,Fruit or vegetable juices,4,1,1.105.717
718,0586,"Fruit, temporarily preserved",4,1,1.105.718
719,0589,"Fruit prepared or preserved, nes",4,1,1.105.719
720,0611,"Sugars, beet and cane, raw, solid",4,1,1.106.720
721,0612,Refined sugar etc,4,1,1.106.721
722,0615,Molasses,4,1,1.106.722
723,0616,Natural honey,4,1,1.106.723
724,0619,Sugars and syrups nes; artificial honey; caramel,4,1,1.106.724
725,0620,"Sugar confectionery and preparations, non-chocolate",4,1,1.106.725
726,0711,"Coffee green, roasted; coffee substitutes containing coffee",4,1,1.107.726
727,0712,"Coffee extracts, essences or concentrates",4,1,1.107.727
728,0721,"Cocoa beans, raw, roasted",4,1,1.107.728
729,0722,"Cocoa powder, unsweetened",4,1,1.107.729
730,0723,Cocoa butter and paste,4,1,1.107.730
731,0730,"Chocolate and other preparations containing cocoa, nes",4,1,1.107.731
732,0741,Tea,4,1,1.107.732
733,0742,Mate,4,1,1.107.733
734,0751,"Pepper of ""piper""; pimento of ""capsicum or pimenta""",4,1,1.107.734
735,0752,"Spices, except pepper and pimento",4,1,1.107.735
736,0811,"Hay and fodder, green or dry",4,1,1.108.736
737,0812,"Bran, sharps and other residues derives of cereals",4,1,1.108.737
738,0813,Oilcake and other residues (except dregs),4,1,1.108.738
739,0814,"Flours and meals, of meat, fish,etc, unfit for human; greaves",4,1,1.108.739
740,0819,"Food waste and prepared animal feed, nes",4,1,1.108.740
741,0913,"Lard, pig and poultry fat, rendered or solvent-extracted",4,1,1.109.741
742,0914,"Margarine, imitation lard and other prepared edible fats, nes",4,1,1.109.742
743,0980,"Edible products and preparations, nes",4,1,1.109.743
744,1110,"Non-alcoholic beverages, nes",4,2,2.110.744
745,1121,Wine of fresh grapes etc,4,2,2.110.745
746,1122,"Other fermented beverages, nes (cider, perry, mead, etc)",4,2,2.110.746
747,1123,"Beer made from malt (including ale, stout and porter)",4,2,2.110.747
748,1124,"Distilled alcoholic beverages, nes",4,2,2.110.748
749,1211,"Tobacco, not stripped",4,2,2.111.749
750,1212,"Tobacco, wholly or partly stripped",4,2,2.111.750
751,1213,Tobacco refuse,4,2,2.111.751
752,1221,"Cigars, cheroots: cigarillos",4,2,2.111.752
753,1222,Cigarettes,4,2,2.111.753
754,1223,"Tobacco, manufactured; tobacco extract and essences",4,2,2.111.754
755,2111,"Bovine and equine hides, raw, whether or not split",4,3,3.112.755
756,2112,"Calf skins, raw, whether or not split",4,3,3.112.756
757,2114,"Goat and kid skins, raw, whether or not split",4,3,3.112.757
758,2116,"Sheep and lamb skin with the wool on, raw, whether or not split",4,3,3.112.758
759,2117,"Sheep and lamb skin without the wool, raw, whether or not split",4,3,3.112.759
760,2119,"Hides and skins, nes; waste and used leather",4,3,3.112.760
761,2120,"Furskins, raw",4,3,3.112.761
762,2221,"Groundnuts, green",4,3,3.113.762
763,2222,Soya beans,4,3,3.113.763
764,2223,Cotton seeds,4,3,3.113.764
765,2224,Sunflower seeds,4,3,3.113.765
766,2225,Sesame seeds,4,3,3.113.766
767,2226,Rape and colza seeds,4,3,3.113.767
768,2231,Copra,4,3,3.113.768
769,2232,Palm nuts and kernels,4,3,3.113.769
770,2234,Linseed,4,3,3.113.770
771,2235,Castor oil seeds,4,3,3.113.771
772,2238,"Oil seeds and oleaginous fruits, nes",4,3,3.113.772
773,2239,"Flour or meals of oil seeds or oleaginous fruit, non-defatted",4,3,3.113.773
774,2320,Natural rubber latex; natural rubber and gums,4,3,3.114.774
775,2331,"Synthetic rubber, latex; factice derived from oils",4,3,3.114.775
776,2332,"Reclaimed rubber, waste, scrap of unhardened rubber",4,3,3.114.776
777,2440,"Cork, natural, raw and waste",4,3,3.115.777
778,2450,Fuel wood and wood charcoal,4,3,3.115.778
779,2460,Pulpwood (including chips and wood waste),4,3,3.115.779
780,2471,"Sawlogs and veneer logs, of coniferous species",4,3,3.115.780
781,2472,"Sawlogs and veneer logs, of non-coniferous species",4,3,3.115.781
782,2479,"Pitprops, poles, piling, post and other wood in the rough, nes",4,3,3.115.782
783,2481,Railway or tramway sleepers (ties) of wood,4,3,3.115.783
784,2482,"Wood of coniferous species, sawn, planed, tongued, grooved, etc",4,3,3.115.784
785,2483,"Wood, non-coniferous species, sawn, planed, tongued, grooved, etc",4,3,3.115.785
786,2511,"Waste paper and paperboard, etc",4,3,3.116.786
787,2512,Mechanical wood pulp,4,3,3.116.787
788,2516,"Chemical wood pulp, dissolving grades",4,3,3.116.788
789,2517,"Chemical wood pulp, soda or sulphate",4,3,3.116.789
790,2518,"Chemical wood pulp, sulphite",4,3,3.116.790
791,2519,Other cellulosic pulps,4,3,3.116.791
792,2613,Raw silk (not thrown),4,3,3.117.792
793,2614,Silk worm cocoons and silk waste,4,3,3.117.793
794,2631,"Raw cotton, excluding linters, not carded or combed",4,3,3.117.794
795,2632,Cotton linters,4,3,3.117.795
796,2633,"Cotton waste, not carded or combed",4,3,3.117.796
797,2634,"Cotton, carded or combed",4,3,3.117.797
798,2640,"Jute, other textile bast fibres, nes, raw, processed but not spun",4,3,3.117.798
799,2651,"Flax and ramie, flax tow, ramie noils, and waste",4,3,3.117.799
800,2652,"True hemp, raw or processed but not spun, its tow and waste",4,3,3.117.800
801,2654,"Sisal, agave fibres, raw or processed but not spun, and waste",4,3,3.117.801
802,2655,"Manila hemp, raw or processed but not spun, its tow and waste",4,3,3.117.802
803,2659,"Vegetable textile fibres, nes, and waste",4,3,3.117.803
804,2665,"Discontinuous synthetic fibres, not carded or combed",4,3,3.117.804
805,2666,Continuous filament tow for synthetic (discontinuous) fibres,4,3,3.117.805
806,2667,"Discontinuous synthetic fibres, carded or combed",4,3,3.117.806
807,2671,Regenerated fibre suitable for spinning,4,3,3.117.807
808,2672,"Waste of man-made fibres, not carded or combed",4,3,3.117.808
809,2681,Wool greasy or fleece-washed of sheep or lambs,4,3,3.117.809
810,2682,"Wool degreased, uncombed of sheep or lambs",4,3,3.117.810
811,2683,"Fine animal hair, not carded or combed",4,3,3.117.811
812,2685,"Horsehair and other coarse animal hair, not carded or combed",4,3,3.117.812
813,2686,"Waste of sheep's or lambs' wool, or of other animal hair, nes",4,3,3.117.813
814,2687,"Sheep's or lambs' wool, or of other animal hair, carded or combed",4,3,3.117.814
815,2690,Old clothing and other old textile articles; rags,4,3,3.117.815
816,2711,"Animal or vegetable fertilizer, crude",4,3,3.118.816
817,2712,Natural sodium nitrate,4,3,3.118.817
818,2713,"Natural calcium phosphates, natural aluminium, etc",4,3,3.118.818
819,2714,"Potassium salts, natural, crude",4,3,3.118.819
820,2731,"Building and monumental (dimension) stone, roughly squared, split",4,3,3.118.820
821,2732,"Gypsum, plasters, limestone flux and calcareous stone",4,3,3.118.821
822,2733,"Sands, excluding metal-bearing sands",4,3,3.118.822
823,2734,"Pebbles, gravel, crushed or broken stone, etc",4,3,3.118.823
824,2741,"Sulphur (other than sublimed, precipitated or colloidal)",4,3,3.118.824
825,2742,"Iron pyrites, unroasted",4,3,3.118.825
826,2771,Industrial diamonds,4,3,3.118.826
827,2772,Other natural abrasives,4,3,3.118.827
828,2782,"Clay and other refractory minerals, nes",4,3,3.118.828
829,2783,Common salt; pure sodium chloride; salt liquors; sea water,4,3,3.118.829
830,2784,Asbestos,4,3,3.118.830
831,2785,"Quartz, mica, felspar, fluorspar, cryolite and chiolite",4,3,3.118.831
832,2786,"Slag, scalings, dross and similar waste, nes",4,3,3.118.832
833,2789,"Minerals, crude, nes",4,3,3.118.833
834,2814,Roasted iron pyrites,4,3,3.119.834
835,2815,"Iron ore and concentrates, not agglomerated",4,3,3.119.835
836,2816,Iron ore agglomerates,4,3,3.119.836
837,2820,Waste and scrap metal of iron or steel,4,3,3.119.837
838,2860,Ores and concentrates of uranium and thorium,4,3,3.119.838
839,2871,Copper ore and concentrates; copper matte; cement copper,4,3,3.119.839
840,2872,"Nickel ores and concentrates; nickel mattes, etc",4,3,3.119.840
841,2873,Aluminium ores and concentrates (including alumina),4,3,3.119.841
842,2874,Lead ores and concentrates,4,3,3.119.842
843,2875,Zinc ores and concentrates,4,3,3.119.843
844,2876,Tin ores and concentrates,4,3,3.119.844
845,2877,Manganese ore and concentrates,4,3,3.119.845
846,2879,Ores and concentrates of other non-ferrous base metals,4,3,3.119.846
847,2881,"Ash and residues, nes",4,3,3.119.847
848,2882,"Other non-ferrous base metal waste and scrap, nes",4,3,3.119.848
849,2890,"Ores and concentrates of precious metals, waste, scrap",4,3,3.119.849
850,2911,"Bones, ivory, horns, coral, shells and similar products",4,3,3.120.850
851,2919,"Other materials of animal origin, nes",4,3,3.120.851
852,2922,"Natural gums, resins, lacs and balsams",4,3,3.120.852
853,2923,Vegetable plaiting materials,4,3,3.120.853
854,2924,Plants and parts of trees used in perfumery; in pharmacy; etc,4,3,3.120.854
855,2925,"Seeds, fruits and spores, nes, for planting",4,3,3.120.855
856,2926,"Live plants, bulbs, etc",4,3,3.120.856
857,2927,Cut flowers and foliage,4,3,3.120.857
858,2929,"Other materials of vegetable origin, nes",4,3,3.120.858
859,3221,"Anthracite, not agglomerated",4,4,4.121.859
860,3222,"Other coal, not agglomerated",4,4,4.121.860
861,3223,"Lignite, not agglomerated",4,4,4.121.861
862,3224,"Peat, not agglomerated",4,4,4.121.862
863,3231,"Briquettes, ovoids, from coal, lignite or peat",4,4,4.121.863
864,3232,"Coke and semi-coke of coal, of lignite or peat; retort carbon",4,4,4.121.864
865,3330,Crude petroleum and oils obtained from bituminous materials,4,4,4.122.865
866,3340,"Petroleum products, refined",4,4,4.122.866
867,3341,Gasoline and other light oils,4,4,4.122.867
868,3342,Kerosene and other medium oils,4,4,4.122.868
869,3343,Gas oils,4,4,4.122.869
870,3344,"Fuel oils, nes",4,4,4.122.870
871,3345,"Lubricating petroleum oils, and preparations, nes",4,4,4.122.871
872,3351,Petroleum jelly and mineral waxes,4,4,4.122.872
873,3352,Mineral tars and products,4,4,4.122.873
874,3353,"Mineral tar pitch, pitch coke",4,4,4.122.874
875,3354,"Petroleum bitumen, petroleum coke and bituminous mixtures, nes",4,4,4.122.875
876,3413,"Petroleum gases and other gaseous hydrocarbons, nes, liquefied",4,4,4.123.876
877,3414,"Petroleum gases, nes, in gaseous state",4,4,4.123.877
878,3415,"Coal gas, water gas and similar gases",4,4,4.123.878
879,3510,Electric current,4,4,4.124.879
880,4111,Fat and oils of fish and marine mammals,4,5,5.125.880
881,4113,"Animals oils, fats and greases, nes",4,5,5.125.881
882,4232,Soya bean oil,4,5,5.126.882
883,4233,Cotton seed oil,4,5,5.126.883
884,4234,Groundnut (peanut) oil,4,5,5.126.884
885,4235,Olive oil,4,5,5.126.885
886,4236,Sunflower seed oil,4,5,5.126.886
887,4239,"Other fixed vegetable oils, soft",4,5,5.126.887
888,4241,Linseed oil,4,5,5.126.888
889,4242,Palm oil,4,5,5.126.889
890,4243,Coconut (copra) oil,4,5,5.126.890
891,4244,Palm kernel oil,4,5,5.126.891
892,4245,Castor oil,4,5,5.126.892
893,4249,"Fixed vegetable oils, nes",4,5,5.126.893
894,4311,Processed animal and vegetable oils,4,5,5.127.894
895,4312,Hydrogenated animal or vegetable oils and fats,4,5,5.127.895
896,4313,"Fatty acids, acid oils, and residues; degras",4,5,5.127.896
897,4314,Waxes of animal or vegetable origin,4,5,5.127.897
898,5111,Acyclic hydrocarbons,4,6,6.128.898
899,5112,Cyclic hydrocarbons,4,6,6.128.899
900,5113,Halogenated derivatives of hydrocarbons,4,6,6.128.900
901,5114,"Hydrocarbons derivatives, nonhaloganeted",4,6,6.128.901
902,5121,"Acyclic alcohols, and their derivatives",4,6,6.128.902
903,5122,"Cyclic alcohols, and their derivatives",4,6,6.128.903
904,5123,"Phenols and phenol-alcohols, and their derivatives",4,6,6.128.904
905,5137,Monocarboxylic acids and their derivatives,4,6,6.128.905
906,5138,Polycarboxylic acids and their derivatives,4,6,6.128.906
907,5139,"Oxygen-function acids, and their derivatives",4,6,6.128.907
908,5145,Amine-function compounds,4,6,6.128.908
909,5146,Oxygen-function amino-compounds,4,6,6.128.909
910,5147,Amide-function compounds; excluding urea,4,6,6.128.910
911,5148,Other nitrogen-function compounds,4,6,6.128.911
912,5154,Organo-sulphur compounds,4,6,6.128.912
913,5155,Other organo-inorganic compounds,4,6,6.128.913
914,5156,Heterocyclic compound; nucleic acids,4,6,6.128.914
915,5157,"Sulphonamides, sultones and sultams",4,6,6.128.915
916,5161,"Ethers, epoxides, acetals",4,6,6.128.916
917,5162,"Aldehyde, ketone and quinone-function compounds",4,6,6.128.917
918,5163,"Inorganic esters, their salts and derivatives",4,6,6.128.918
919,5169,"Organic chemicals, nes",4,6,6.128.919
920,5221,Chemical elements,4,6,6.129.920
921,5222,Inorganic acids and oxygen compounds of non-metals,4,6,6.129.921
922,5223,Halogen and sulphur compounds of non-metals,4,6,6.129.922
923,5224,"Metallic oxides of zinc, iron, lead, chromium etc",4,6,6.129.923
924,5225,"Inorganic bases and metallic oxides, hydroxides and peroxides",4,6,6.129.924
925,5231,Metallic salts and peroxysalts of inorganic acids,4,6,6.129.925
926,5232,Metallic salts and peroxysalts of inorganic acids,4,6,6.129.926
927,5233,Salts of metallic acids; compounds of precious metals,4,6,6.129.927
928,5239,"Inorganic chemical products, nes",4,6,6.129.928
929,5241,"Radio-active chemical elements, isotopes etc",4,6,6.129.929
930,5249,Other radio-active and associated materials,4,6,6.129.930
931,5311,"Synthetic organic dyestuffs, etc, natural indigo and colour lakes",4,6,6.130.931
932,5312,"Synthetic organic luminophores, indigo, lakes",4,6,6.130.932
933,5322,"Dyeing, tanning extracts, tannins and their derivatives",4,6,6.130.933
934,5323,Synthetic tanning substances; tanning preparations,4,6,6.130.934
935,5331,Other colouring matter; inorganic products use as luminophores,4,6,6.130.935
936,5332,Printing inks,4,6,6.130.936
937,5334,Varnishes and lacquers; distempers etc,4,6,6.130.937
938,5335,"Glazes, driers, putty etc",4,6,6.130.938
939,5411,Provitamins and vitamins,4,6,6.131.939
940,5413,"Antibiotics, not put up as medicaments",4,6,6.131.940
941,5414,"Vegetable alkaloids and derivatives, not put up as medicaments",4,6,6.131.941
942,5415,"Hormones, natural, or reproduce by synthesis, in bulk",4,6,6.131.942
943,5416,"Glycosides, glands, antisera, vaccines and similar products",4,6,6.131.943
944,5417,Medicaments (including veterinary medicaments),4,6,6.131.944
945,5419,"Pharmaceutical goods, other than medicaments",4,6,6.131.945
946,5513,"Essential oil, resinoid, etc",4,6,6.132.946
947,5514,"Mixtures of odoriferous substances, used in perfumery, food etc",4,6,6.132.947
948,5530,"Perfumery, cosmetics, toilet preparations, etc",4,6,6.132.948
949,5541,"Soaps, organic products and preparations for use as soap",4,6,6.132.949
950,5542,"Organic surface-active agents, nes",4,6,6.132.950
951,5543,"Polishes and creams, for furniture, floors, footwear, metals etc",4,6,6.132.951
952,5621,"Mineral or chemical fertilizers, nitrogenous",4,6,6.133.952
953,5622,"Mineral or chemical fertilizers, phosphatic",4,6,6.133.953
954,5623,"Mineral or chemical fertilizer, potassic",4,6,6.133.954
955,5629,"Fertilizers, nes",4,6,6.133.955
956,5721,Propellent powders and other prepared explosives,4,6,6.134.956
957,5722,"Fuses, caps, igniters, detonators",4,6,6.134.957
958,5723,Pyrotechnic articles,4,6,6.134.958
959,5821,Phenoplasts,4,6,6.135.959
960,5822,Aminoplasts,4,6,6.135.960
961,5823,Alkyds and other polyesters,4,6,6.135.961
962,5824,Polyamides,4,6,6.135.962
963,5825,Polyurethanes,4,6,6.135.963
964,5826,Epoxide resins,4,6,6.135.964
965,5827,Silicones,4,6,6.135.965
966,5828,"Ion exchangers of the condensation, polycondensation etc",4,6,6.135.966
967,5829,"Other condensation, polycodensation or polyaddition products",4,6,6.135.967
968,5831,Polyethylene,4,6,6.135.968
969,5832,Polypropylene,4,6,6.135.969
970,5833,Polystyrene and its copolymers,4,6,6.135.970
971,5834,Polyvinyl chloride,4,6,6.135.971
972,5835,Copolymers of vinyl chloride and vinyl acetate,4,6,6.135.972
973,5836,Acrylic and methaacrylic polymers; acrylo-methacrylic copolymers,4,6,6.135.973
974,5837,Polyvinyl acetate,4,6,6.135.974
975,5838,Ion exchangers of the polymerization or copolymerization type,4,6,6.135.975
976,5839,Other polymerization and copolymarization products,4,6,6.135.976
977,5841,Regenerated cellulose,4,6,6.135.977
978,5842,Cellulose nitrates,4,6,6.135.978
979,5843,Cellulose acetates,4,6,6.135.979
980,5849,Other chemical derivatives of cellulose; vulcanized fibre,4,6,6.135.980
981,5851,Modified natural resins etc; derivatives of natural rubber,4,6,6.135.981
982,5852,"Other artificial plastic materials, nes",4,6,6.135.982
983,5911,"Insecticides, for sale by retail or as preparations",4,6,6.136.983
984,5912,"Fungicides, for sale by retail or as preparation",4,6,6.136.984
985,5913,"Herbicides, for sale by retail or as preparation",4,6,6.136.985
986,5914,"Disinfectants, etc, for sale by retail or as preparation",4,6,6.136.986
987,5921,"Starches, insulin and wheat gluten",4,6,6.136.987
988,5922,Albuminoid substances; glues,4,6,6.136.988
989,5981,Woods and resin-based chemical products,4,6,6.136.989
990,5982,"Anti-knock preparation, anti-corrosive; viscosity improvers; etc",4,6,6.136.990
991,5983,"Organic chemical products, nes",4,6,6.136.991
992,5989,"Chemical products and preparations, nes",4,6,6.136.992
993,6112,"Composition leather, in slabs, sheets or rolls",4,7,7.137.993
994,6113,Calf leather,4,7,7.137.994
995,6114,Leather of other bovine cattle and equine leather,4,7,7.137.995
996,6115,Sheep and lamb skin leather,4,7,7.137.996
997,6116,Leather of other hides or skins,4,7,7.137.997
998,6118,"Leather, specially dressed or finished, nes",4,7,7.137.998
999,6121,"Articles of leather use in machinery or mechanical appliances, etc",4,7,7.137.999
1000,6122,"Saddlery and harness, of any material, for any kind of animal",4,7,7.137.1000
1001,6123,Parts of footwear of any material except metal and asbestos,4,7,7.137.1001
1002,6129,Other articles of leather or of composition leather,4,7,7.137.1002
1003,6130,"Furskins, tanned or dressed; pieces of furskin, tanned or dressed",4,7,7.137.1003
1004,6210,Materials of rubber,4,7,7.138.1004
1005,6251,"Tires, pneumatic, new, for motor cars",4,7,7.138.1005
1006,6252,"Tires, pneumatic, new, for buses and lorries",4,7,7.138.1006
1007,6253,"Tires, pneumatic, new, for aircraft",4,7,7.138.1007
1008,6254,"Tires, pneumatic, new, for motorcycles and bicycles",4,7,7.138.1008
1009,6259,"Other tires, tire cases, tire flaps and inner tubes, etc",4,7,7.138.1009
1010,6281,"Hygienic, pharmaceutical articles of unhardened vulcanized rubber",4,7,7.138.1010
1011,6282,"Transmission, conveyor or elevator belts, of vulcanized rubber",4,7,7.138.1011
1012,6289,"Other articles of rubber, nes",4,7,7.138.1012
1013,6330,Cork manufactures,4,7,7.139.1013
1014,6341,"Wood sawn lengthwise, veneer sheets etc, up to 5 mm in thickness",4,7,7.139.1014
1015,6342,Plywood consisting solely of sheets of wood,4,7,7.139.1015
1016,6343,Improved wood and reconstituted wood,4,7,7.139.1016
1017,6344,"Wood-based panels, nes",4,7,7.139.1017
1018,6349,"Wood, simply shaped, nes",4,7,7.139.1018
1019,6351,"Wood packing cases, boxes, cases, crates, etc, complete",4,7,7.139.1019
1020,6352,"Casks, barrels; other coopers products and parts, including staves",4,7,7.139.1020
1021,6353,Builders` carpentry and joinery (including prefabricated),4,7,7.139.1021
1022,6354,Manufactures of wood for domestic or decorative use,4,7,7.139.1022
1023,6359,"Manufactured articles of wood, nes",4,7,7.139.1023
1024,6411,Newsprint,4,7,7.140.1024
1025,6412,"Printing paper and writing paper, in rolls or sheets",4,7,7.140.1025
1026,6413,"Kraft paper and paperboard, in rolls or sheets",4,7,7.140.1026
1027,6415,"Paper and paperboard, in rolls or sheets, nes",4,7,7.140.1027
1028,6416,Fibre building board of wood or other vegetable material,4,7,7.140.1028
1029,6417,"Paper and paperboard, creped, crinkled, etc, in rolls or sheets",4,7,7.140.1029
1030,6418,"Paper and paperboard, coated, impregnated, etc, in rolls or sheets",4,7,7.140.1030
1031,6419,"Converted paper and paperboard, nes",4,7,7.140.1031
1032,6421,"Packing containers, box files, etc, of paper, used in offices",4,7,7.140.1032
1033,6422,Correspondence stationary,4,7,7.140.1033
1034,6423,"Registers, exercise books, file and book covers, etc, of paper",4,7,7.140.1034
1035,6424,"Paper and paperboard cut to size or shape, nes",4,7,7.140.1035
1036,6428,"Articles of paper pulp, paper, paperboard or cellulose wadding, nes",4,7,7.140.1036
1037,6511,Silk yarn and spun from noil or waste; silkworm gut,4,7,7.141.1037
1038,6512,Yarn of wool or animal hair (including wool tops),4,7,7.141.1038
1039,6513,Cotton yarn,4,7,7.141.1039
1040,6514,"Yarn 85% of synthetic fibres, not for retail; monofil, strip, etc",4,7,7.141.1040
1041,6515,"Yarn containing 85% or more of synthetic fibres, put up for retail",4,7,7.141.1041
1042,6516,Yarn containing less than 85% of discontinuous synthetic fibres,4,7,7.141.1042
1043,6517,"Yarn of regenerated fibres, not for retail, monofil, strip, etc",4,7,7.141.1043
1044,6518,"Yarn of regenerated fibres, put up for retail sale",4,7,7.141.1044
1045,6519,"Yarn of textile fibres, nes",4,7,7.141.1045
1046,6521,"Cotton fabrics, woven, unbleached, not mercerized",4,7,7.141.1046
1047,6522,"Cotton fabrics, woven, bleached, dyed, etc, or otherwise finished",4,7,7.141.1047
1048,6531,"Fabrics, woven, of continuous synthetic textile materials",4,7,7.141.1048
1049,6532,"Fabrics, woven, 85% plus of discontinuous synthetic fibres",4,7,7.141.1049
1050,6534,"Fabrics, woven, less 85% of discontinuous synthetic fibres",4,7,7.141.1050
1051,6535,"Fabric, woven of continuous regenerated textile materials",4,7,7.141.1051
1052,6536,"Fabrics, woven, 85% plus of discontinuous regenerated fibres",4,7,7.141.1052
1053,6538,"Fabrics, woven, less 85% of discontinuous regenerated fibres",4,7,7.141.1053
1054,6539,"Pile and chenille fabrics, woven, of man-made fibres",4,7,7.141.1054
1055,6541,"Fabrics, woven, of silk, of noil or other waste silk",4,7,7.141.1055
1056,6542,"Fabrics, woven, 85% plus of sheep's or lambs' wool or of fine hair",4,7,7.141.1056
1057,6543,"Fabrics, woven, of sheep's or lambs' wool or of fine hair, nes",4,7,7.141.1057
1058,6544,"Fabrics, woven, of flax or of ramie",4,7,7.141.1058
1059,6545,"Fabrics, woven of jute or other textile bast fibres of heading 2640",4,7,7.141.1059
1060,6546,"Fabrics of glass fibre (including narrow, pile fabrics, lace, etc)",4,7,7.141.1060
1061,6549,"Fabrics, woven, nes",4,7,7.141.1061
1062,6551,"Knitted etc, not elastic nor rubberized, of synthetic fibres",4,7,7.141.1062
1063,6552,"Knitted, not elastic nor rubberized, of fibres other than synthetic",4,7,7.141.1063
1064,6553,"Knitted or crocheted fabrics, elastic or rubberized",4,7,7.141.1064
1065,6560,"Tulle, lace, embroidery, ribbons, trimmings and other small wares",4,7,7.141.1065
1066,6571,"Felt, articles of felt, nes, whether or not impregnated or coated",4,7,7.141.1066
1067,6572,"Bonded fibre fabrics, etc, whether or not impregnated or coated",4,7,7.141.1067
1068,6573,"Coated or impregnated textile fabrics and products, nes",4,7,7.141.1068
1069,6574,Elastic fabrics and trimming (not knitted or crocheted),4,7,7.141.1069
1070,6575,"Twine, cordage, ropes and cables and manufactures thereof",4,7,7.141.1070
1071,6576,"Hat shapes, hat-forms, hat bodies and hoods",4,7,7.141.1071
1072,6577,"Wadding, wicks and textiles fabrics for use in machinery or plant",4,7,7.141.1072
1073,6579,Special products of textile materials,4,7,7.141.1073
1074,6581,"Bags, sacks of textile materials, for the packing of goods",4,7,7.141.1074
1075,6582,"Tarpaulins, sails, tents, camping goods, etc, of textile fabrics",4,7,7.141.1075
1076,6583,"Travelling rugs, blankets (non electric), not knitted or crocheted",4,7,7.141.1076
1077,6584,"Linens and furnishing articles of textile, not knitted or crocheted",4,7,7.141.1077
1078,6589,"Other made-up articles of textile materials, nes",4,7,7.141.1078
1079,6591,Linoleum and similar floor covering,4,7,7.141.1079
1080,6592,"Carpets, carpeting and rugs, knotted",4,7,7.141.1080
1081,6593,"Kelem, Schumacks and Karamanie rugs and the like",4,7,7.141.1081
1082,6594,"Carpets, rugs, mats, of wool or fine animal hair",4,7,7.141.1082
1083,6595,"Carpets, rugs, mats, of man-made textile materials, nes",4,7,7.141.1083
1084,6596,"Carpets, rugs, mats, of other textile materials, nes",4,7,7.141.1084
1085,6597,"Plaits, plaited products for all uses; straw envelopes for bottles",4,7,7.141.1085
1086,6611,"Lime, quick, slaked and hydraulic (no calcium oxide or hydroxide)",4,7,7.142.1086
1087,6612,Cement,4,7,7.142.1087
1088,6613,"Building and monumental stone, worked, and articles thereof",4,7,7.142.1088
1089,6618,"Construction materials, of asbestos-cement or fibre-cements, etc",4,7,7.142.1089
1090,6623,Refractory bricks and other refractory construction materials,4,7,7.142.1090
1091,6624,"Non-refractory ceramic bricks, tiles, pipes and similar products",4,7,7.142.1091
1092,6631,"Hand polishing stone, grindstones, grinding wheels, etc",4,7,7.142.1092
1093,6632,"Abrasive power or grain, on a base of woven fabrics",4,7,7.142.1093
1094,6633,"Manufactures of mineral materials, nes (other than ceramic)",4,7,7.142.1094
1095,6635,"Wool; expanding or insulating mineral materials, nes",4,7,7.142.1095
1096,6637,"Refractory goods, nes",4,7,7.142.1096
1097,6638,Manufactures of asbestos; friction materials,4,7,7.142.1097
1098,6639,"Articles of ceramic materials, nes",4,7,7.142.1098
1099,6641,"Glass in the mass, in balls, rods or tubes (nonoptical); waste",4,7,7.142.1099
1100,6642,Optical glass and elements of optical glass (unworked),4,7,7.142.1100
1101,6643,"Drawn or blown glass (flashed glass), unworked, in rectangles",4,7,7.142.1101
1102,6644,"Glass, cast, rolled, etc, surface-ground, but no further worked",4,7,7.142.1102
1103,6645,"Cast, rolled glass (flashed or wired), unworked, in rectangles",4,7,7.142.1103
1104,6646,"Bricks, tiles, etc of pressed or moulded glass, used in building",4,7,7.142.1104
1105,6647,"Safety glass consisting of toughened or laminated glass, cut or not",4,7,7.142.1105
1106,6648,"Glass mirror, unframed, framed or backed",4,7,7.142.1106
1107,6649,"Glass, nes",4,7,7.142.1107
1108,6651,Bottles etc of glass,4,7,7.142.1108
1109,6652,"Glassware (other than heading 66582), for indoor decoration",4,7,7.142.1109
1110,6658,"Articles made of glass, nes",4,7,7.142.1110
1111,6664,Porcelain or china house ware,4,7,7.142.1111
1112,6665,"Articles of domestic or toilet purposes, of other kind of pottery",4,7,7.142.1112
1113,6666,"Ornaments, personal articles of porcelain, china, or ceramic, nes",4,7,7.142.1113
1114,6671,"Pearls, not mounted, set or strung",4,7,7.142.1114
1115,6672,"Diamonds (non-industrial), not mounted or set",4,7,7.142.1115
1116,6673,"Precious and semi-precious stones, not mounted, set or strung",4,7,7.142.1116
1117,6674,Synthetic or reconstructed precious or semi-precious stones,4,7,7.142.1117
1118,6712,"Pig iron, cast iron, spiegeleisen, in pigs, blocks, lumps, etc",4,7,7.143.1118
1119,6713,"Iron and steel powders, shot or sponge",4,7,7.143.1119
1120,6716,Ferro-alloys,4,7,7.143.1120
1121,6724,"Puddled bars, pilings; ingots, blocks, lumps, etc, of iron or steel",4,7,7.143.1121
1122,6725,"Blooms, billets, slabs and sheet bars, of iron or steel",4,7,7.143.1122
1123,6727,Iron or steel coils for re-rolling,4,7,7.143.1123
1124,6731,Wire rod of iron or steel,4,7,7.143.1124
1125,6732,"Bars, rods (not wire rod), from iron or steel; hollow mining drill",4,7,7.143.1125
1126,6733,"Angles, shapes, sections and sheet piling, of iron or steel",4,7,7.143.1126
1127,6741,Universal plates of iron or steel,4,7,7.143.1127
1128,6744,"Sheet, plates, rolled of thickness 4,75mm plus, of iron or steel",4,7,7.143.1128
1129,6745,"Sheet, plates, rolled of thickness 3mm to 4,75mm, of iron or steel",4,7,7.143.1129
1130,6746,"Sheet, plates, rolled of thickness less 3mm, of iron or steel",4,7,7.143.1130
1131,6747,"Tinned sheets, plates of steel (not of high carbon or alloy steel)",4,7,7.143.1131
1132,6749,"Other sheet and plates, of iron or steel, worked",4,7,7.143.1132
1133,6750,"Hoop and strip of iron or steel, hot-rolled or cold-rolled",4,7,7.143.1133
1134,6760,"Rails and railway track construction materials, of iron or steel",4,7,7.143.1134
1135,6770,"Iron or steel wire (excluding wire rod), not insulated",4,7,7.143.1135
1136,6781,"Tubes and pipes, of cast iron",4,7,7.143.1136
1137,6782,"Seamless tubes, pipes; blanks for tubes and pipes, of iron or steel",4,7,7.143.1137
1138,6783,"Other tubes and pipes, of iron or steel",4,7,7.143.1138
1139,6784,High-pressure hydro-electric conduit of steel,4,7,7.143.1139
1140,6785,"Tube and pipes fittings, of iron or steel",4,7,7.143.1140
1141,6793,"Steel and iron forging and stampings, in the rough state",4,7,7.143.1141
1142,6794,"Castings of iron or steel, in rough state",4,7,7.143.1142
1143,6811,"Silver, unwrought, unworked, or semi-manufactured",4,7,7.144.1143
1144,6812,"Metals of platinum group, unwrought, unworked, or semi-manufactured",4,7,7.144.1144
1145,6821,"Copper and copper alloys, refined or not, unwrought",4,7,7.144.1145
1146,6822,"Copper and copper alloys, worked",4,7,7.144.1146
1147,6831,"Nickel and nickel alloys, unwrought",4,7,7.144.1147
1148,6832,"Nickel and nickel alloys, worked",4,7,7.144.1148
1149,6841,"Aluminium and aluminium alloys, unwrought",4,7,7.144.1149
1150,6842,"Aluminium and aluminium alloys, worked",4,7,7.144.1150
1151,6851,"Lead, and lead alloys, unwrought",4,7,7.144.1151
1152,6852,"Lead and lead alloys, worked",4,7,7.144.1152
1153,6861,"Zinc and zinc alloys, unwrought",4,7,7.144.1153
1154,6863,Zinc and zinc alloys worked,4,7,7.144.1154
1155,6871,"Tin and tin alloys, unwrought",4,7,7.144.1155
1156,6872,Tin and tin alloys worked,4,7,7.144.1156
1157,6880,"Uranium depleted in U235, thorium, and alloys, nes; waste and scrap",4,7,7.144.1157
1158,6891,"Tungsten, molybdenum, tantalum, magnesium, unwrought; waste, scrap",4,7,7.144.1158
1159,6899,"Base metals, nes and cermets, unwrought (including waste and scrap)",4,7,7.144.1159
1160,6911,"Structures and parts of, of iron, steel; plates, rods, and the like",4,7,7.145.1160
1161,6912,"Structures and parts of, of aluminium; plates, rods, and the like",4,7,7.145.1161
1162,6921,"Iron, steel, aluminium reservoirs, tanks, etc, capacity 300 lt plus",4,7,7.145.1162
1163,6924,"Cask, drums, etc, of iron, steel, aluminium, for packing goods",4,7,7.145.1163
1164,6931,"Wire, cables, cordage, ropes, plaited bans, sling and the like",4,7,7.145.1164
1165,6932,Barbed iron or steel wire: fencing wire,4,7,7.145.1165
1166,6935,"Gauze, cloth, grill, netting, reinforced fabric and the like",4,7,7.145.1166
1167,6940,"Nails, screws, nuts, bolts, rivets, etc, of iron, steel or copper",4,7,7.145.1167
1168,6951,"Hand tools, used in agriculture, horticulture or forestry",4,7,7.145.1168
1169,6953,Other hand tools,4,7,7.145.1169
1170,6954,"Interchangeable tools for hand or machine tools (tips, blades, etc)",4,7,7.145.1170
1171,6960,Cutlery,4,7,7.145.1171
1172,6973,"Domestic, non-electric, heating, cooking apparatus, and parts, nes",4,7,7.145.1172
1173,6974,"Base metal domestic articles, nes, and parts thereof, nes",4,7,7.145.1173
1174,6975,"Base metal indoors sanitary ware, and parts thereof, nes",4,7,7.145.1174
1175,6978,"Household appliances, decorative article, etc, of base metal, nes",4,7,7.145.1175
1176,6991,"Locksmiths wares, safes, etc, and hardware, nes, of base metal",4,7,7.145.1176
1177,6992,"Chain and parts thereof, of iron or steel",4,7,7.145.1177
1178,6993,"Pins, needles, etc, of iron, steel; metal fittings for clothing",4,7,7.145.1178
1179,6994,"Springs and leaves for springs, of iron, steel or copper",4,7,7.145.1179
1180,6996,Miscellaneous articles of base metal,4,7,7.145.1180
1181,6997,"Articles of iron or steel, nes",4,7,7.145.1181
1182,6998,"Articles, nes, of copper, nickel, aluminium, lead, zinc and tin",4,7,7.145.1182
1183,6999,"Other base metal manufactures, nes; and of cermets",4,7,7.145.1183
1184,7111,Steam and other vapour-generated boilers; super-heated water boiler,4,8,8.146.1184
1185,7112,Auxiliary plant for boilers of heading 7111; condensers,4,8,8.146.1185
1186,7119,"Parts, nes of boilers and auxiliary plant of headings 7111 and 7112",4,8,8.146.1186
1187,7126,"Steam power units (mobile engines but not steam tractors, etc)",4,8,8.146.1187
1188,7129,"Parts, nes of steam power units",4,8,8.146.1188
1189,7131,"Internal combustion piston engines, for aircraft, and parts, nes",4,8,8.146.1189
1190,7132,"Motor vehicles piston engines, headings: 722; 78; 74411 and 95101",4,8,8.146.1190
1191,7133,"Internal combustion piston engines, marine propulsion",4,8,8.146.1191
1192,7138,"Internal combustion piston engines, nes",4,8,8.146.1192
1193,7139,"Piston engines parts, nes, falling in headings: 7132, 7133 and 7138",4,8,8.146.1193
1194,7144,Reaction engines,4,8,8.146.1194
1195,7148,"Gas turbines, nes",4,8,8.146.1195
1196,7149,"Parts, nes of the engines and motors of group 714 and item 71888",4,8,8.146.1196
1197,7161,"Motors and generators, direct current",4,8,8.146.1197
1198,7162,"Electric motors, generators (not direct current); generating sets",4,8,8.146.1198
1199,7163,Rotary converters,4,8,8.146.1199
1200,7169,"Parts, nes, of rotating electric plant",4,8,8.146.1200
1201,7187,"Nuclear reactors, and parts thereof, nes",4,8,8.146.1201
1202,7188,"Engines and motors, nes (wind, hot air engines, water wheel, etc)",4,8,8.146.1202
1203,7211,"Agricultural and horticultural machinery for soil preparation, etc",4,8,8.147.1203
1204,7212,"Harvesting and threshing machines; fodder presses, etc; parts nes",4,8,8.147.1204
1205,7213,"Dairy machinery, nes (including milking machines), and parts nes",4,8,8.147.1205
1206,7219,"Agricultural machinery and appliances, nes, and parts thereof, nes",4,8,8.147.1206
1207,7223,Track-laying tractors,4,8,8.147.1207
1208,7224,"Wheeled tractors (other than those falling in heading 74411, 7832)",4,8,8.147.1208
1209,7233,"Road rollers, mechanically propelled",4,8,8.147.1209
1210,7234,"Construction and mining machinery, nes",4,8,8.147.1210
1211,7239,"Parts, nes of machinery and equipment of headings 72341 to 72346",4,8,8.147.1211
1212,7243,"Sewing machines, furniture, needles etc, and parts thereof, nes",4,8,8.147.1212
1213,7244,Machines for extruding man-made textile; other textile machinery,4,8,8.147.1213
1214,7245,"Weaving, knitting, etc, machines, machines for preparing yarns, etc",4,8,8.147.1214
1215,7246,Auxiliary machinery for use with those of headings 72451 to 72453,4,8,8.147.1215
1216,7247,"Textile machinery, nes for cleaning, cutting, etc, and parts nes",4,8,8.147.1216
1217,7248,"Machinery for preparing, tanning, working leather, etc; parts nes",4,8,8.147.1217
1218,7251,"Machinery for making, finishing cellulose pulp, paper or paperboard",4,8,8.147.1218
1219,7252,"Machinery for making paper pulp, paper, paperboard; cutting machines",4,8,8.147.1219
1220,7259,"Parts, nes of the machines falling within heading 725",4,8,8.147.1220
1221,7263,"Machinery, accessories for type-setting, for printing blocks, etc",4,8,8.147.1221
1222,7264,Printing presses,4,8,8.147.1222
1223,7267,Other printing machinery; machines for uses ancilliary to printing,4,8,8.147.1223
1224,7268,"Bookbinding machinery; parts thereof, nes",4,8,8.147.1224
1225,7269,"Parts, nes of machines falling within headings 72631, 7264, 7267",4,8,8.147.1225
1226,7271,"Machinery for the grain milling industry; working cereals, parts",4,8,8.147.1226
1227,7272,"Other food-processing machinery and parts thereof, nes",4,8,8.147.1227
1228,7281,"Machine-tools for specialized industries; parts or accessories, nes",4,8,8.147.1228
1229,7283,"Other mineral working machinery; and parts thereof, nes",4,8,8.147.1229
1230,7284,"Machinery for specialized industries and parts thereof, nes",4,8,8.147.1230
1231,7361,Metal cutting machine-tools,4,8,8.148.1231
1232,7362,Metal forming machine-tool,4,8,8.148.1232
1233,7367,"Other machines-tools for working metal or metal carbides, nes",4,8,8.148.1233
1234,7368,"Work holders, dividing heads for machine-tools, etc; tool holders",4,8,8.148.1234
1235,7369,"Parts, nes of and accessories for machine-tools of heading 736",4,8,8.148.1235
1236,7371,"Metallurgy and metal foundry equipment, and parts thereof, nes",4,8,8.148.1236
1237,7372,"Rolling mills, rolls therefor, and parts, nes of rolling mills",4,8,8.148.1237
1238,7373,"Welding, brazing, cutting, etc machines and appliances, parts, nes",4,8,8.148.1238
1239,7411,"Gas generators, and parts, nes of gas generators",4,8,8.149.1239
1240,7412,"Furnace burners; mechanical stokers, etc, and parts thereof, nes",4,8,8.149.1240
1241,7413,"Industrial and laboratory furnaces and ovens, etc, parts, nes",4,8,8.149.1241
1242,7414,"Non-domestic refrigerators and refrigerating equipment, parts, nes",4,8,8.149.1242
1243,7415,"Air conditioning machines and parts thereof, nes",4,8,8.149.1243
1244,7416,"Machinery, plant, laboratory equipment for heating and cooling, nes",4,8,8.149.1244
1245,7421,Reciprocating pumps (other than those of heading 74281),4,8,8.149.1245
1246,7422,Centrifugal pumps (other than those of heading 74281),4,8,8.149.1246
1247,7423,Rotary pumps (other than those of heading 74281),4,8,8.149.1247
1248,7428,Other pumps for liquids and liquid elevators,4,8,8.149.1248
1249,7429,"Parts, nes of pumps and liquids elevators falling in heading 742",4,8,8.149.1249
1250,7431,"Air pumps, vacuum pumps and air or gas compressors",4,8,8.149.1250
1251,7432,"Parts, nes of the pumps and compressor falling within heading 7431",4,8,8.149.1251
1252,7433,"Free-piston generators for gas turbines and parts thereof, nes",4,8,8.149.1252
1253,7434,"Fans, blowers and the like, and parts thereof, nes",4,8,8.149.1253
1254,7435,Centrifuges,4,8,8.149.1254
1255,7436,"Filtering and purifying machinery, apparatus for liquids and gases",4,8,8.149.1255
1256,7439,"Parts, nes of the machines falling within headings 7435 and 7436",4,8,8.149.1256
1257,7441,"Work trucks, of the type use in factories, dock areas, etc",4,8,8.149.1257
1258,7442,"Lifting, handling, loading machinery, telphers and conveyors",4,8,8.149.1258
1259,7449,"Parts, nes of the machinery falling within heading 7442",4,8,8.149.1259
1260,7451,"Power hand tools, pneumatic or non-electric, and parts thereof, nes",4,8,8.149.1260
1261,7452,"Other non-electrical machines and parts thereof, nes",4,8,8.149.1261
1262,7491,"Ball, roller or needle roller bearings",4,8,8.149.1262
1263,7492,"Cocks, valves and similar appliances, for pipes boiler shells, etc",4,8,8.149.1263
1264,7493,"Shaft, crank, bearing housing, pulley and pulley blocks, etc",4,8,8.149.1264
1265,7499,"Other non-electric parts and accessories of machinery, nes",4,8,8.149.1265
1266,7511,Typewriters; cheque-writing machines,4,8,8.150.1266
1267,7512,"Calculating, accounting, cash registers, ticketing, etc, machines",4,8,8.150.1267
1268,7518,"Office machines, nes",4,8,8.150.1268
1269,7521,Analogue and hybrid data processing machines,4,8,8.150.1269
1270,7522,Complete digital data processing machines,4,8,8.150.1270
1271,7523,Complete digital central processing units; digital processors,4,8,8.150.1271
1272,7524,"Digital central storage units, separately consigned",4,8,8.150.1272
1273,7525,"Peripheral units, including control and adapting units",4,8,8.150.1273
1274,7528,"Off-line data processing equipment, nes",4,8,8.150.1274
1275,7591,"Parts, nes of and accessories for machines of headings 7511 or 7518",4,8,8.150.1275
1276,7599,"Parts, nes of and accessories for machines of headings 7512 and 752",4,8,8.150.1276
1277,7611,"Television receivers, colour",4,8,8.151.1277
1278,7612,"Television receivers, monochrome",4,8,8.151.1278
1279,7621,Radio receivers for motor-vehicles,4,8,8.151.1279
1280,7622,Portable radio receivers,4,8,8.151.1280
1281,7628,Other radio receivers,4,8,8.151.1281
1282,7631,"Gramophones and record players, electric",4,8,8.151.1282
1283,7638,"Other sound recording and reproducer, nes; video recorders",4,8,8.151.1283
1284,7641,Electrical line telephonic and telegraphic apparatus,4,8,8.151.1284
1285,7642,Microphones; loud-speakers; audio-frequency electric amplifiers,4,8,8.151.1285
1286,7643,"Television, radio-broadcasting; transmitters, etc",4,8,8.151.1286
1287,7648,"Telecommunications equipment, nes",4,8,8.151.1287
1288,7649,"Parts, nes of and accessories for apparatus falling in heading 76",4,8,8.151.1288
1289,7711,"Transformers, electrical",4,8,8.152.1289
1290,7712,"Other electric power machinery, parts, nes",4,8,8.152.1290
1291,7721,"Switches, relays, fuses, etc; switchboards and control panels, nes",4,8,8.152.1291
1292,7722,"Printed circuits, and parts thereof, nes",4,8,8.152.1292
1293,7723,"Fixed, variable resistors, other than heating resistors, parts, nes",4,8,8.152.1293
1294,7731,"Insulated electric wire, cable, bars, etc",4,8,8.152.1294
1295,7732,Electrical insulating equipment,4,8,8.152.1295
1296,7741,Electro-medical equipment,4,8,8.152.1296
1297,7742,"X-ray apparatus and equipment; accessories; and parts, nes",4,8,8.152.1297
1298,7751,"Household laundry equipment, nes",4,8,8.152.1298
1299,7752,Domestic refrigerators and freezers,4,8,8.152.1299
1300,7753,Domestic dishwashing machines,4,8,8.152.1300
1301,7754,"Electric shavers and hair clippers, parts thereof, nes",4,8,8.152.1301
1302,7757,"Domestic electro-mechanical appliances; and parts thereof, nes",4,8,8.152.1302
1303,7758,"Electro-thermic appliances, nes",4,8,8.152.1303
1304,7761,"Television picture tubes, cathode ray",4,8,8.152.1304
1305,7762,Other electronic valves and tubes,4,8,8.152.1305
1306,7763,"Diodes, transistors, photocells, etc",4,8,8.152.1306
1307,7764,Electronic microcircuits,4,8,8.152.1307
1308,7768,"Crystals, and parts, nes of electronic components of heading 776",4,8,8.152.1308
1309,7781,"Batteries and electric accumulators, and parts thereof, nes",4,8,8.152.1309
1310,7782,Electric filament lamps and discharge lamps; arc-lamps,4,8,8.152.1310
1311,7783,"Automotive electrical equipment; and parts thereof, nes",4,8,8.152.1311
1312,7784,"Electro-mechanical hand tools, and parts thereof, nes",4,8,8.152.1312
1313,7788,"Other electrical machinery and equipment, nes",4,8,8.152.1313
1314,7810,Passenger motor vehicles (excluding buses),4,8,8.153.1314
1315,7821,Motor vehicles for the transport of goods or materials,4,8,8.153.1315
1316,7822,Special purpose motor lorries and vans,4,8,8.153.1316
1317,7831,Public service type passenger motor vehicles,4,8,8.153.1317
1318,7832,Road tractors for semi-trailers,4,8,8.153.1318
1319,7841,"Chassis fitted with engines, for vehicles of headings 722, 781-783",4,8,8.153.1319
1320,7842,"Bodies, for vehicles of headings 722, 781-783",4,8,8.153.1320
1321,7849,"Other parts and accessories, for vehicles of headings 722, 781-783",4,8,8.153.1321
1322,7851,"Motorcycles, auto-cycles; side-cars of all kind, etc",4,8,8.153.1322
1323,7852,"Cycles, not motorized",4,8,8.153.1323
1324,7853,"Invalid carriages; parts, nes of articles of heading 785",4,8,8.153.1324
1325,7861,Trailers and transports containers,4,8,8.153.1325
1326,7868,"Other not mechanically propelled vehicles; and parts, nes",4,8,8.153.1326
1327,7911,"Rail locomotives, electric",4,8,8.154.1327
1328,7912,Other rail locomotives; tenders,4,8,8.154.1328
1329,7913,"Mechanically propelled railway, tramway, trolleys, etc",4,8,8.154.1329
1330,7914,"Railway, tramway passenger coaches, etc, not mechanically propelled",4,8,8.154.1330
1331,7915,"Railway and tramway freight, etc, not mechanically propelled",4,8,8.154.1331
1332,7919,"Railway track fixtures, and fittings, etc, parts nes of heading 791",4,8,8.154.1332
1333,7921,Helicopters,4,8,8.154.1333
1334,7922,Aircraft of an unladen weight not exceeding 2000 kg,4,8,8.154.1334
1335,7923,Aircraft of an unladen weight from 2000 kg to 15000 kg,4,8,8.154.1335
1336,7924,Aircraft of an unladen weight exceeding 15000 kg,4,8,8.154.1336
1337,7928,"Aircraft, nes and associated equipment",4,8,8.154.1337
1338,7929,"Parts, nes of the aircraft of heading 792",4,8,8.154.1338
1339,7931,Warships,4,8,8.154.1339
1340,7932,"Ships, boats and other vessels",4,8,8.154.1340
1341,7933,"Ships, boats and other vessels for breaking up",4,8,8.154.1341
1342,7938,"Tugs, special purpose vessels and floating structures",4,8,8.154.1342
1343,8121,"Central heating equipment, not electrically heated, parts, nes",4,9,9.155.1343
1344,8122,Ceramic plumbing fixtures,4,9,9.155.1344
1345,8124,"Lighting fixture and fittings, lamps, lanterns, and parts, nes",4,9,9.155.1345
1346,8211,"Chairs and other seats; and parts thereof, nes",4,9,9.156.1346
1347,8212,"Furniture for medical, surgical, dental or veterinary practice",4,9,9.156.1347
1348,8219,"Other furniture and parts thereof, nes",4,9,9.156.1348
1349,8310,"Travel goods, handbags etc, of leather, plastics, textile, others",4,9,9.157.1349
1350,8421,"Men's and boys' outerwear, textile fabrics not knitted or crocheted; overcoats and other coats",4,9,9.158.1350
1351,8422,"Men's and boys' outerwear, textile fabrics not knitted or crocheted; suits",4,9,9.158.1351
1352,8423,"Men's and boys' outerwear, textile fabrics not knitted or crocheted; trousers, breeches and the like",4,9,9.158.1352
1353,8424,"Men's and boys' outerwear, textile fabrics not knitted or crocheted; jackets, blazers and the like",4,9,9.158.1353
1354,8429,"Men's and boys' outerwear, textile fabrics not knitted or crocheted; other outer garments",4,9,9.158.1354
1355,8431,"Womens, girls, infants outerwear, textile, not knitted or crocheted; coats and jackets",4,9,9.158.1355
1356,8432,"Womens, girls, infants outerwear, textile, not knitted or crocheted; suits and costumes",4,9,9.158.1356
1357,8433,"Womens, girls, infants outerwear, textile, not knitted or crocheted; dresses",4,9,9.158.1357
1358,8434,"Womens, girls, infants outerwear, textile, not knitted or crocheted; skirts",4,9,9.158.1358
1359,8435,"Womens, girls, infants outerwear, textile, not knitted or crocheted; blouses",4,9,9.158.1359
1360,8439,"Womens, girls, infants outerwear, textile, not knitted or crocheted; other outer garments of textile fabrics, not knitted, crocheted",4,9,9.158.1360
1361,8441,"Under garments of textile fabrics, not knitted or crocheted; mens and boys shirts",4,9,9.158.1361
1362,8442,"Under garments of textile fabrics, not knitted or crocheted; mens, boys under garments; other than shirts",4,9,9.158.1362
1363,8443,"Under garments of textile fabrics, not knitted or crocheted; womens, girls, infants under garments, textile, not knitted, etc",4,9,9.158.1363
1364,8451,"Outerwear knitted or crocheted, not elastic nor rubberized; jerseys, pullovers, slip-overs, cardigans, etc",4,9,9.158.1364
1365,8452,"Outerwear knitted or crocheted, not elastic nor rubberized; womens, girls, infants, suits, dresses, etc, knitted, crocheted",4,9,9.158.1365
1366,8459,"Outerwear knitted or crocheted, not elastic nor rubberized; other, clothing accessories, non-elastic, knitted or crocheted",4,9,9.158.1366
1367,8461,"Under-garments, knitted or crocheted; of wool or fine animal hair, not elastic nor rubberized",4,9,9.158.1367
1368,8462,"Under-garments, knitted or crocheted; of cotton, not elastic nor rubberized",4,9,9.158.1368
1369,8463,"Under-garments, knitted or crocheted; of synthetic fibres not elastic nor rubberized",4,9,9.158.1369
1370,8464,"Under-garments, knitted or crocheted; of other fibres, not elastic nor rubberized",4,9,9.158.1370
1371,8465,"Corsets, garters, etc, not knitted or crocheted, elastic or not",4,9,9.158.1371
1372,8471,"Clothing accessories, of textile fabrics, not knitted or crocheted",4,9,9.158.1372
1373,8472,"Clothing accessories, knitted or crocheted, nes",4,9,9.158.1373
1374,8481,"Articles of apparel, clothing accessories of leather",4,9,9.158.1374
1375,8482,"Articles of apparel, clothing accessories of plastic or rubber",4,9,9.158.1375
1376,8483,Fur clothing (not headgear) and other articles made of furskins,4,9,9.158.1376
1377,8484,"Headgear and fitting thereof, nes",4,9,9.158.1377
1378,8510,Footwear,4,9,9.159.1378
1379,8710,Optical instruments and apparatus,4,9,9.160.1379
1380,8720,"Medical instruments and appliances, nes",4,9,9.160.1380
1381,8731,"Gas, liquid and electricity supply or production meters; etc",4,9,9.160.1381
1382,8732,Counting devices non-electrical; stroboscopes,4,9,9.160.1382
1383,8741,"Surveying, navigational, compasses, etc, instruments, nonelectrical",4,9,9.160.1383
1384,8742,"Drawing, marking-out and mathematical calculating instruments, etc",4,9,9.160.1384
1385,8743,"Gas, liquid control instruments and apparatus, non-electrical",4,9,9.160.1385
1386,8744,"Nonmechanical or electrical instruments for physical, etc, analysis",4,9,9.160.1386
1387,8745,"Measuring, controlling and scientific instruments, nes",4,9,9.160.1387
1388,8748,"Electrical measuring, controlling, etc, instruments, apparatus, nes",4,9,9.160.1388
1389,8749,"Parts, nes, and accessories of headings 873, 8743, 87454 or 8748",4,9,9.160.1389
1390,8811,"Photographic cameras, flashlight apparatus, parts, accessories, nes",4,9,9.161.1390
1391,8812,"Cinematographic cameras, projectors, etc, parts, accessories, nes",4,9,9.161.1391
1392,8813,"Photographic and cinematographic apparatus and equipment, nes",4,9,9.161.1392
1393,8821,Chemical products and flashlight materials for use in photografy,4,9,9.161.1393
1394,8822,"Photographic film, plates and paper (other than cinematograph film)",4,9,9.161.1394
1395,8830,"Cinematograph film, exposed and developed",4,9,9.161.1395
1396,8841,Lenses and other optical elements of any material,4,9,9.161.1396
1397,8842,Spectacles and spectacle frames,4,9,9.161.1397
1398,8851,"Watches, watch movements and case",4,9,9.161.1398
1399,8852,"Clocks, clock movements and parts",4,9,9.161.1399
1400,8921,"Printed books, pamphlets, maps and globes",4,9,9.162.1400
1401,8922,"Newspapers, journals and periodicals",4,9,9.162.1401
1402,8924,"Picture postcards, decalcomanias, etc, printed",4,9,9.162.1402
1403,8928,"Printed matter, nes",4,9,9.162.1403
1404,8931,"Plastic packing containers, lids, stoppers and other closures",4,9,9.162.1404
1405,8932,Plastic sanitary and toilet articles,4,9,9.162.1405
1406,8933,Personal adornments and ornaments articles of plastic,4,9,9.162.1406
1407,8935,Articles of electric lighting of plastic,4,9,9.162.1407
1408,8939,Miscellaneous articles of plastic,4,9,9.162.1408
1409,8941,"Baby carriages and parts thereof, nes",4,9,9.162.1409
1410,8942,"Children's toys, indoor games, etc",4,9,9.162.1410
1411,8946,Non-military arms and ammunition therefor,4,9,9.162.1411
1412,8947,"Other sporting goods and fairground amusements, etc",4,9,9.162.1412
1413,8951,"Office and stationary supplies, of base metal",4,9,9.162.1413
1414,8952,"Pens, pencils and, fountain pens",4,9,9.162.1414
1415,8959,Other office and stationary supplies,4,9,9.162.1415
1416,8960,"Works of art, collectors' pieces and antiques",4,9,9.162.1416
1417,8972,Imitation jewellery,4,9,9.162.1417
1418,8973,"Precious jewellery, goldsmiths' or silversmiths' wares",4,9,9.162.1418
1419,8974,"Other articles of precious metals or rolled precious metals, nes",4,9,9.162.1419
1420,8981,"Pianos, other string musical instruments",4,9,9.162.1420
1421,8982,"Musical instruments, nes",4,9,9.162.1421
1422,8983,"Sound recording tape, discs",4,9,9.162.1422
1423,8989,"Parts, nes of and accessories for musical instruments; metronomes",4,9,9.162.1423
1424,8991,"Articles and manufacture of carving, moulding materials, nes",4,9,9.162.1424
1425,8993,"Candles, matches, combustible products, etc",4,9,9.162.1425
1426,8994,"Umbrellas, canes and similar articles and parts thereof",4,9,9.162.1426
1427,8996,"Orthopaedic appliances, hearing aids, artificial parts of the body",4,9,9.162.1427
1428,8997,"Basketwork, wickerwork; brooms, paint rollers, etc",4,9,9.162.1428
1429,8998,"Small-wares and toilet articles, nes; sieves; tailors' dummies, etc",4,9,9.162.1429
1430,8999,"Manufactured goods, nes",4,9,9.162.1430
1431,9110,Postal packages not classified according to kind,4,10,10.163.1431
1432,9310,"Special transactions, commodity not classified according to class",4,10,10.164.1432
1433,9410,"Animals, live, nes, (including zoo animals, pets, insects, etc)",4,10,10.165.1433
1434,9510,"Armoured fighting vehicles, war firearms, ammunition, parts, nes",4,10,10.166.1434
1435,9610,"Coin (other than gold coin), not being legal tender",4,10,10.167.1435
1436,9710,"Gold, non-monetary (excluding gold ores and concentrates)",4,10,10.168.1436
1437,ZZZZ,Unknown,4,10,10.169.1437
